,Id,SalePrice
0,1461.0,125846.5625
1,1462.0,166037.90625
2,1463.0,178800.71875
3,1464.0,189470.96875
4,1465.0,192076.671875
5,1466.0,166376.953125
6,1467.0,171256.4375
7,1468.0,165032.59375
8,1469.0,191293.203125
9,1470.0,128392.28125
10,1471.0,200857.15625
11,1472.0,96194.984375
12,1473.0,97370.1328125
13,1474.0,159801.484375
14,1475.0,122190.046875
15,1476.0,377217.3125
16,1477.0,248340.84375
17,1478.0,317366.9375
18,1479.0,304801.9375
19,1480.0,478883.65625
20,1481.0,307271.1875
21,1482.0,206237.859375
22,1483.0,177757.453125
23,1484.0,166052.53125
24,1485.0,183364.125
25,1486.0,191280.0
26,1487.0,322202.53125
27,1488.0,233072.8125
28,1489.0,196101.1875
29,1490.0,244990.03125
30,1491.0,197691.296875
31,1492.0,88301.1171875
32,1493.0,187966.796875
33,1494.0,297624.21875
34,1495.0,284168.1875
35,1496.0,241036.9375
36,1497.0,182559.484375
37,1498.0,162365.0625
38,1499.0,165224.140625
39,1500.0,155350.0
40,1501.0,172843.609375
41,1502.0,155173.625
42,1503.0,302170.8125
43,1504.0,237434.96875
44,1505.0,224972.671875
45,1506.0,182741.234375
46,1507.0,234714.515625
47,1508.0,190198.59375
48,1509.0,156791.375
49,1510.0,145423.546875
50,1511.0,146406.140625
51,1512.0,184147.15625
52,1513.0,140712.421875
53,1514.0,163910.6875
54,1515.0,200769.625
55,1516.0,157394.734375
56,1517.0,157212.96875
57,1518.0,140789.21875
58,1519.0,225075.640625
59,1520.0,132529.171875
60,1521.0,136401.609375
61,1522.0,165619.515625
62,1523.0,107439.5234375
63,1524.0,120247.9921875
64,1525.0,125040.0234375
65,1526.0,118490.4140625
66,1527.0,106731.09375
67,1528.0,133485.109375
68,1529.0,147792.375
69,1530.0,175294.96875
70,1531.0,107923.5859375
71,1532.0,106064.640625
72,1533.0,145382.515625
73,1534.0,110621.7734375
74,1535.0,153792.265625
75,1536.0,112868.90625
76,1537.0,72190.734375
77,1538.0,190845.90625
78,1539.0,244465.71875
79,1540.0,111830.5859375
80,1541.0,142806.890625
81,1542.0,136748.28125
82,1543.0,201038.375
83,1544.0,79778.1484375
84,1545.0,104205.6875
85,1546.0,127909.84375
86,1547.0,143050.59375
87,1548.0,137579.234375
88,1549.0,114294.25
89,1550.0,139730.109375
90,1551.0,119319.9453125
91,1552.0,142650.046875
92,1553.0,170513.578125
93,1554.0,106647.7109375
94,1555.0,160462.125
95,1556.0,80452.40625
96,1557.0,108996.8046875
97,1558.0,102284.1171875
98,1559.0,76094.6875
99,1560.0,137032.296875
100,1561.0,121976.453125
101,1562.0,130108.8984375
102,1563.0,122946.2578125
103,1564.0,167725.1875
104,1565.0,153013.34375
105,1566.0,228415.3125
106,1567.0,80659.75
107,1568.0,213377.5625
108,1569.0,133836.046875
109,1570.0,137846.40625
110,1571.0,124141.09375
111,1572.0,148774.875
112,1573.0,296514.21875
113,1574.0,127664.796875
114,1575.0,240859.3125
115,1576.0,244116.3125
116,1577.0,186810.46875
117,1578.0,153974.6875
118,1579.0,141962.1875
119,1580.0,184275.53125
120,1581.0,152743.921875
121,1582.0,125611.65625
122,1583.0,338374.4375
123,1584.0,226833.8125
124,1585.0,142588.65625
125,1586.0,77641.71875
126,1587.0,98443.8984375
127,1588.0,152919.59375
128,1589.0,100516.640625
129,1590.0,135549.359375
130,1591.0,94472.3125
131,1592.0,112055.1640625
132,1593.0,133123.390625
133,1594.0,138457.703125
134,1595.0,112062.7265625
135,1596.0,230786.84375
136,1597.0,193614.78125
137,1598.0,207618.78125
138,1599.0,194209.078125
139,1600.0,188670.171875
140,1601.0,78737.34375
141,1602.0,114326.1953125
142,1603.0,91122.6484375
143,1604.0,283103.65625
144,1605.0,255086.71875
145,1606.0,165835.28125
146,1607.0,176241.765625
147,1608.0,228105.171875
148,1609.0,186451.140625
149,1610.0,149111.03125
150,1611.0,139788.859375
151,1612.0,173873.578125
152,1613.0,164025.625
153,1614.0,136508.28125
154,1615.0,95193.9453125
155,1616.0,74869.0390625
156,1617.0,96727.3984375
157,1618.0,124985.6640625
158,1619.0,145286.5625
159,1620.0,179344.5
160,1621.0,128525.0625
161,1622.0,142275.796875
162,1623.0,280783.84375
163,1624.0,216402.890625
164,1625.0,128420.796875
165,1626.0,166658.6875
166,1627.0,180800.0625
167,1628.0,280604.9375
168,1629.0,173219.828125
169,1630.0,400037.125
170,1631.0,212756.890625
171,1632.0,243686.328125
172,1633.0,168796.203125
173,1634.0,181930.125
174,1635.0,181849.3125
175,1636.0,153747.65625
176,1637.0,190160.015625
177,1638.0,197669.234375
178,1639.0,175364.859375
179,1640.0,243917.546875
180,1641.0,171401.28125
181,1642.0,215212.953125
182,1643.0,226951.953125
183,1644.0,224649.703125
184,1645.0,181701.40625
185,1646.0,157462.578125
186,1647.0,165144.953125
187,1648.0,134176.34375
188,1649.0,134789.5625
189,1650.0,117964.2265625
190,1651.0,126587.9375
191,1652.0,100156.5859375
192,1653.0,98189.546875
193,1654.0,146384.75
194,1655.0,146952.875
195,1656.0,146492.65625
196,1657.0,143416.0
197,1658.0,153949.96875
198,1659.0,128445.6640625
199,1660.0,154615.5625
200,1661.0,436442.40625
201,1662.0,420608.65625
202,1663.0,402210.53125
203,1664.0,408723.90625
204,1665.0,316848.40625
205,1666.0,331366.0625
206,1667.0,381592.8125
207,1668.0,333082.8125
208,1669.0,306499.625
209,1670.0,353460.125
210,1671.0,250977.578125
211,1672.0,472624.59375
212,1673.0,317509.59375
213,1674.0,238169.8125
214,1675.0,188151.203125
215,1676.0,193608.21875
216,1677.0,212329.46875
217,1678.0,481429.0625
218,1679.0,418503.03125
219,1680.0,314919.84375
220,1681.0,261507.171875
221,1682.0,314211.75
222,1683.0,172098.109375
223,1684.0,184651.984375
224,1685.0,171648.453125
225,1686.0,172717.734375
226,1687.0,164048.0625
227,1688.0,184976.625
228,1689.0,190712.609375
229,1690.0,195940.03125
230,1691.0,178789.78125
231,1692.0,277313.6875
232,1693.0,168772.65625
233,1694.0,177739.90625
234,1695.0,164727.03125
235,1696.0,271022.09375
236,1697.0,167625.109375
237,1698.0,371797.46875
238,1699.0,316613.75
239,1700.0,237950.21875
240,1701.0,255806.0625
241,1702.0,259022.0
242,1703.0,250208.609375
243,1704.0,285852.53125
244,1705.0,230985.515625
245,1706.0,460878.375
246,1707.0,218000.125
247,1708.0,195129.859375
248,1709.0,282632.4375
249,1710.0,225831.359375
250,1711.0,263949.75
251,1712.0,261432.796875
252,1713.0,294692.1875
253,1714.0,217779.546875
254,1715.0,205369.671875
255,1716.0,176575.046875
256,1717.0,172655.828125
257,1718.0,136661.515625
258,1719.0,204929.109375
259,1720.0,247083.625
260,1721.0,175927.8125
261,1722.0,129591.71875
262,1723.0,154988.5625
263,1724.0,223204.890625
264,1725.0,242103.421875
265,1726.0,195074.09375
266,1727.0,166370.53125
267,1728.0,187000.5
268,1729.0,156033.171875
269,1730.0,157325.46875
270,1731.0,121373.734375
271,1732.0,129947.9609375
272,1733.0,118963.203125
273,1734.0,114245.921875
274,1735.0,143095.15625
275,1736.0,112076.21875
276,1737.0,342554.90625
277,1738.0,216743.59375
278,1739.0,311550.9375
279,1740.0,215806.09375
280,1741.0,184978.140625
281,1742.0,171223.78125
282,1743.0,179020.609375
283,1744.0,277348.8125
284,1745.0,220064.75
285,1746.0,222640.671875
286,1747.0,211936.921875
287,1748.0,216550.796875
288,1749.0,155304.53125
289,1750.0,132645.296875
290,1751.0,220789.609375
291,1752.0,124891.25
292,1753.0,144099.34375
293,1754.0,191018.0625
294,1755.0,168898.734375
295,1756.0,129864.6640625
296,1757.0,120447.328125
297,1758.0,146698.84375
298,1759.0,155605.203125
299,1760.0,167469.0
300,1761.0,139957.421875
301,1762.0,179405.46875
302,1763.0,176378.1875
303,1764.0,118259.859375
304,1765.0,183768.109375
305,1766.0,186688.796875
306,1767.0,227508.09375
307,1768.0,153895.796875
308,1769.0,178229.59375
309,1770.0,157716.578125
310,1771.0,132908.515625
311,1772.0,141236.53125
312,1773.0,125302.71875
313,1774.0,139946.921875
314,1775.0,140008.625
315,1776.0,121842.0859375
316,1777.0,110693.140625
317,1778.0,151885.6875
318,1779.0,112037.7421875
319,1780.0,175781.15625
320,1781.0,136522.40625
321,1782.0,90073.0859375
322,1783.0,138085.859375
323,1784.0,115964.8125
324,1785.0,120245.078125
325,1786.0,157898.15625
326,1787.0,171616.0625
327,1788.0,67079.03125
328,1789.0,109504.6171875
329,1790.0,87738.0546875
330,1791.0,186528.3125
331,1792.0,154292.859375
332,1793.0,136101.359375
333,1794.0,157081.453125
334,1795.0,133812.96875
335,1796.0,128999.2421875
336,1797.0,119177.4296875
337,1798.0,128670.0703125
338,1799.0,117588.2265625
339,1800.0,134012.765625
340,1801.0,128259.875
341,1802.0,137316.265625
342,1803.0,147733.359375
343,1804.0,143394.171875
344,1805.0,145266.140625
345,1806.0,111559.296875
346,1807.0,136414.03125
347,1808.0,126174.0859375
348,1809.0,135625.453125
349,1810.0,147568.046875
350,1811.0,89154.859375
351,1812.0,103457.703125
352,1813.0,119724.375
353,1814.0,98493.875
354,1815.0,52769.59375
355,1816.0,105594.890625
356,1817.0,139310.65625
357,1818.0,154192.421875
358,1819.0,118604.0234375
359,1820.0,63385.8671875
360,1821.0,110753.1875
361,1822.0,165071.5625
362,1823.0,39632.39453125
363,1824.0,142467.40625
364,1825.0,133073.46875
365,1826.0,116007.90625
366,1827.0,99900.65625
367,1828.0,136771.53125
368,1829.0,117073.4375
369,1830.0,132262.828125
370,1831.0,163840.78125
371,1832.0,83596.5390625
372,1833.0,147838.25
373,1834.0,127373.2578125
374,1835.0,138366.953125
375,1836.0,117339.34375
376,1837.0,93855.7265625
377,1838.0,119313.734375
378,1839.0,88814.140625
379,1840.0,153471.75
380,1841.0,144318.453125
381,1842.0,81819.3125
382,1843.0,138972.515625
383,1844.0,143276.765625
384,1845.0,139271.09375
385,1846.0,156195.59375
386,1847.0,158946.65625
387,1848.0,56304.89453125
388,1849.0,108255.953125
389,1850.0,124408.9140625
390,1851.0,159731.953125
391,1852.0,136226.0625
392,1853.0,144291.28125
393,1854.0,172360.046875
394,1855.0,153120.8125
395,1856.0,223817.21875
396,1857.0,179655.359375
397,1858.0,135601.234375
398,1859.0,116539.734375
399,1860.0,142974.1875
400,1861.0,116539.734375
401,1862.0,288820.96875
402,1863.0,282195.65625
403,1864.0,282195.65625
404,1865.0,350592.34375
405,1866.0,349101.15625
406,1867.0,241914.53125
407,1868.0,291500.21875
408,1869.0,194449.203125
409,1870.0,249134.71875
410,1871.0,259024.8125
411,1872.0,175110.65625
412,1873.0,229779.140625
413,1874.0,137556.359375
414,1875.0,202313.25
415,1876.0,187614.359375
416,1877.0,220065.703125
417,1878.0,220124.59375
418,1879.0,128875.515625
419,1880.0,132005.671875
420,1881.0,246886.125
421,1882.0,259028.96875
422,1883.0,192457.828125
423,1884.0,205898.03125
424,1885.0,258598.703125
425,1886.0,303467.6875
426,1887.0,202910.125
427,1888.0,269950.15625
428,1889.0,162503.09375
429,1890.0,127059.5390625
430,1891.0,131464.46875
431,1892.0,105277.34375
432,1893.0,127597.734375
433,1894.0,131862.421875
434,1895.0,143198.171875
435,1896.0,127462.5546875
436,1897.0,105011.6328125
437,1898.0,111968.1953125
438,1899.0,161759.359375
439,1900.0,154783.3125
440,1901.0,168412.328125
441,1902.0,143801.765625
442,1903.0,210364.890625
443,1904.0,144339.25
444,1905.0,187585.296875
445,1906.0,165145.0625
446,1907.0,183752.234375
447,1908.0,110632.4609375
448,1909.0,138290.796875
449,1910.0,122120.25
450,1911.0,213766.15625
451,1912.0,291943.09375
452,1913.0,158473.015625
453,1914.0,63633.91796875
454,1915.0,316044.5
455,1916.0,64332.5234375
456,1917.0,261239.046875
457,1918.0,140472.078125
458,1919.0,160669.6875
459,1920.0,146620.046875
460,1921.0,477121.25
461,1922.0,344239.84375
462,1923.0,199969.484375
463,1924.0,231545.3125
464,1925.0,212507.921875
465,1926.0,397830.53125
466,1927.0,139424.578125
467,1928.0,161058.015625
468,1929.0,120347.515625
469,1930.0,130850.3984375
470,1931.0,143732.546875
471,1932.0,130831.1796875
472,1933.0,190012.4375
473,1934.0,172809.390625
474,1935.0,170831.46875
475,1936.0,177139.03125
476,1937.0,177268.921875
477,1938.0,173511.671875
478,1939.0,251165.984375
479,1940.0,189222.546875
480,1941.0,166709.84375
481,1942.0,182306.75
482,1943.0,211928.265625
483,1944.0,362263.25
484,1945.0,388995.25
485,1946.0,159348.296875
486,1947.0,299629.09375
487,1948.0,186546.421875
488,1949.0,229839.09375
489,1950.0,184637.25
490,1951.0,270160.21875
491,1952.0,220362.765625
492,1953.0,169892.421875
493,1954.0,182071.34375
494,1955.0,128484.5625
495,1956.0,292989.46875
496,1957.0,158308.328125
497,1958.0,305314.78125
498,1959.0,131029.2890625
499,1960.0,115154.515625
500,1961.0,113302.4140625
501,1962.0,98605.015625
502,1963.0,104449.921875
503,1964.0,105573.3359375
504,1965.0,149378.390625
505,1966.0,142060.390625
506,1967.0,278934.6875
507,1968.0,435670.46875
508,1969.0,405164.6875
509,1970.0,433989.25
510,1971.0,459522.78125
511,1972.0,367627.78125
512,1973.0,284125.125
513,1974.0,314749.59375
514,1975.0,418297.0625
515,1976.0,260758.453125
516,1977.0,355221.59375
517,1978.0,364288.90625
518,1979.0,337554.78125
519,1980.0,199877.125
520,1981.0,360283.3125
521,1982.0,219818.84375
522,1983.0,205912.125
523,1984.0,168854.453125
524,1985.0,228478.546875
525,1986.0,219528.859375
526,1987.0,171769.015625
527,1988.0,177449.1875
528,1989.0,191280.0
529,1990.0,217232.78125
530,1991.0,224530.890625
531,1992.0,197960.875
532,1993.0,169564.421875
533,1994.0,236476.671875
534,1995.0,176429.65625
535,1996.0,247860.921875
536,1997.0,355211.34375
537,1998.0,335512.5625
538,1999.0,260512.09375
539,2000.0,317963.15625
540,2001.0,269224.84375
541,2002.0,247322.640625
542,2003.0,255689.4375
543,2004.0,272248.40625
544,2005.0,231277.6875
545,2006.0,227768.015625
546,2007.0,248095.6875
547,2008.0,208355.390625
548,2009.0,193867.359375
549,2010.0,201945.265625
550,2011.0,149274.4375
551,2012.0,175889.21875
552,2013.0,184332.328125
553,2014.0,185808.71875
554,2015.0,206992.703125
555,2016.0,192901.859375
556,2017.0,198901.546875
557,2018.0,120031.8359375
558,2019.0,133693.296875
559,2020.0,108103.6171875
560,2021.0,109724.03125
561,2022.0,185219.3125
562,2023.0,137438.875
563,2024.0,239759.84375
564,2025.0,386957.375
565,2026.0,176146.078125
566,2027.0,155350.0
567,2028.0,156471.109375
568,2029.0,158948.1875
569,2030.0,273273.125
570,2031.0,251470.265625
571,2032.0,262121.1875
572,2033.0,268043.34375
573,2034.0,163885.453125
574,2035.0,204432.515625
575,2036.0,204455.84375
576,2037.0,210353.71875
577,2038.0,292549.625
578,2039.0,228429.96875
579,2040.0,337534.09375
580,2041.0,251849.640625
581,2042.0,191566.5
582,2043.0,172179.984375
583,2044.0,173554.9375
584,2045.0,213123.390625
585,2046.0,143376.5
586,2047.0,148415.859375
587,2048.0,145101.015625
588,2049.0,139330.828125
589,2050.0,181583.984375
590,2051.0,109989.390625
591,2052.0,126024.3828125
592,2053.0,146437.484375
593,2054.0,80597.015625
594,2055.0,166006.453125
595,2056.0,132563.734375
596,2057.0,121130.15625
597,2058.0,231652.234375
598,2059.0,134572.390625
599,2060.0,173765.015625
600,2061.0,175321.40625
601,2062.0,131663.0625
602,2063.0,118016.125
603,2064.0,139369.578125
604,2065.0,120516.203125
605,2066.0,163691.78125
606,2067.0,117552.46875
607,2068.0,143438.0
608,2069.0,82669.3046875
609,2070.0,106215.96875
610,2071.0,107533.46875
611,2072.0,111710.03125
612,2073.0,141276.25
613,2074.0,177220.546875
614,2075.0,149917.21875
615,2076.0,122011.203125
616,2077.0,151541.21875
617,2078.0,128170.0234375
618,2079.0,130711.8046875
619,2080.0,115657.21875
620,2081.0,126911.5078125
621,2082.0,124682.4921875
622,2083.0,143080.40625
623,2084.0,112010.5859375
624,2085.0,115370.9140625
625,2086.0,113732.59375
626,2087.0,118176.3984375
627,2088.0,85683.8359375
628,2089.0,75798.140625
629,2090.0,143046.46875
630,2091.0,118237.9765625
631,2092.0,130290.7109375
632,2093.0,125357.96875
633,2094.0,136118.71875
634,2095.0,145738.59375
635,2096.0,81705.71875
636,2097.0,104341.3984375
637,2098.0,144163.890625
638,2099.0,59199.8515625
639,2100.0,87000.1328125
640,2101.0,120610.546875
641,2102.0,128492.234375
642,2103.0,103853.7890625
643,2104.0,139155.109375
644,2105.0,140234.28125
645,2106.0,65520.5859375
646,2107.0,228792.53125
647,2108.0,116563.3125
648,2109.0,110210.9296875
649,2110.0,144168.640625
650,2111.0,149584.015625
651,2112.0,137701.734375
652,2113.0,117996.421875
653,2114.0,108980.2421875
654,2115.0,156799.8125
655,2116.0,121150.8671875
656,2117.0,140094.90625
657,2118.0,118931.3125
658,2119.0,97246.828125
659,2120.0,115280.5
660,2121.0,79641.7109375
661,2122.0,98670.3828125
662,2123.0,85584.390625
663,2124.0,162180.140625
664,2125.0,131747.71875
665,2126.0,151614.140625
666,2127.0,157381.015625
667,2128.0,126268.4140625
668,2129.0,110790.625
669,2130.0,135853.84375
670,2131.0,165433.46875
671,2132.0,112093.171875
672,2133.0,124977.7265625
673,2134.0,123961.3671875
674,2135.0,100326.3984375
675,2136.0,68185.6328125
676,2137.0,126585.03125
677,2138.0,130062.28125
678,2139.0,155486.265625
679,2140.0,143261.171875
680,2141.0,146962.015625
681,2142.0,130065.2421875
682,2143.0,142260.15625
683,2144.0,144145.1875
684,2145.0,139354.53125
685,2146.0,165104.15625
686,2147.0,127678.9921875
687,2148.0,145947.390625
688,2149.0,154488.828125
689,2150.0,213392.859375
690,2151.0,122310.8984375
691,2152.0,172277.09375
692,2153.0,170768.296875
693,2154.0,108163.7578125
694,2155.0,149257.0625
695,2156.0,287179.75
696,2157.0,233546.578125
697,2158.0,243158.53125
698,2159.0,211478.609375
699,2160.0,175572.234375
700,2161.0,234637.90625
701,2162.0,438332.90625
702,2163.0,356378.40625
703,2164.0,257926.765625
704,2165.0,171712.484375
705,2166.0,141272.28125
706,2167.0,229052.203125
707,2168.0,195967.109375
708,2169.0,198761.9375
709,2170.0,216636.875
710,2171.0,144847.46875
711,2172.0,133698.65625
712,2173.0,155821.828125
713,2174.0,236084.296875
714,2175.0,301736.15625
715,2176.0,316497.5
716,2177.0,242270.421875
717,2178.0,209428.515625
718,2179.0,142588.65625
719,2180.0,238273.703125
720,2181.0,203455.3125
721,2182.0,224663.9375
722,2183.0,188160.109375
723,2184.0,126938.390625
724,2185.0,115046.34375
725,2186.0,140153.609375
726,2187.0,153852.0625
727,2188.0,158461.5
728,2189.0,246503.453125
729,2190.0,81326.2265625
730,2191.0,83950.7890625
731,2192.0,95460.0703125
732,2193.0,114577.1015625
733,2194.0,104026.34375
734,2195.0,117057.21875
735,2196.0,102415.2734375
736,2197.0,117235.0078125
737,2198.0,160116.109375
738,2199.0,155049.9375
739,2200.0,148872.625
740,2201.0,142001.40625
741,2202.0,218411.03125
742,2203.0,143735.78125
743,2204.0,182594.265625
744,2205.0,107801.4296875
745,2206.0,149982.390625
746,2207.0,205935.6875
747,2208.0,241840.578125
748,2209.0,211643.671875
749,2210.0,124186.421875
750,2211.0,118822.921875
751,2212.0,108407.84375
752,2213.0,104088.5
753,2214.0,128359.1953125
754,2215.0,109367.734375
755,2216.0,157889.796875
756,2217.0,75712.09375
757,2218.0,72155.4453125
758,2219.0,73148.34375
759,2220.0,74166.328125
760,2221.0,316044.5
761,2222.0,263271.4375
762,2223.0,293342.9375
763,2224.0,207264.953125
764,2225.0,117876.328125
765,2226.0,184990.390625
766,2227.0,198725.875
767,2228.0,265886.71875
768,2229.0,243505.078125
769,2230.0,147019.109375
770,2231.0,223775.0625
771,2232.0,175669.265625
772,2233.0,187339.3125
773,2234.0,239680.3125
774,2235.0,223920.25
775,2236.0,255241.59375
776,2237.0,351563.59375
777,2238.0,212503.65625
778,2239.0,109532.9453125
779,2240.0,160922.90625
780,2241.0,150096.265625
781,2242.0,133769.046875
782,2243.0,132309.71875
783,2244.0,111191.8125
784,2245.0,117456.0
785,2246.0,146033.703125
786,2247.0,113919.78125
787,2248.0,123960.328125
788,2249.0,131799.5625
789,2250.0,139108.3125
790,2251.0,125845.7265625
791,2252.0,173208.53125
792,2253.0,146847.578125
793,2254.0,165132.421875
794,2255.0,178244.234375
795,2256.0,181736.765625
796,2257.0,204063.375
797,2258.0,163801.40625
798,2259.0,166853.109375
799,2260.0,165922.0
800,2261.0,200157.796875
801,2262.0,220371.265625
802,2263.0,364575.40625
803,2264.0,406654.4375
804,2265.0,194608.3125
805,2266.0,290993.75
806,2267.0,376363.0625
807,2268.0,396511.25
808,2269.0,153043.53125
809,2270.0,199673.484375
810,2271.0,225161.125
811,2272.0,195899.40625
812,2273.0,170317.21875
813,2274.0,173701.453125
814,2275.0,164167.71875
815,2276.0,185050.09375
816,2277.0,182499.28125
817,2278.0,145125.1875
818,2279.0,124576.2734375
819,2280.0,117859.671875
820,2281.0,166698.125
821,2282.0,193405.09375
822,2283.0,105703.515625
823,2284.0,108735.296875
824,2285.0,145625.890625
825,2286.0,124133.7734375
826,2287.0,354556.4375
827,2288.0,271760.71875
828,2289.0,384560.90625
829,2290.0,438447.375
830,2291.0,338591.3125
831,2292.0,428504.90625
832,2293.0,474626.375
833,2294.0,415092.3125
834,2295.0,420379.15625
835,2296.0,273221.3125
836,2297.0,326005.6875
837,2298.0,334163.9375
838,2299.0,401134.09375
839,2300.0,332736.46875
840,2301.0,297687.125
841,2302.0,237717.625
842,2303.0,242248.09375
843,2304.0,250348.9375
844,2305.0,185571.09375
845,2306.0,180524.296875
846,2307.0,181715.828125
847,2308.0,225026.390625
848,2309.0,271913.34375
849,2310.0,213032.78125
850,2311.0,191417.75
851,2312.0,183648.109375
852,2313.0,173330.859375
853,2314.0,184529.15625
854,2315.0,173486.078125
855,2316.0,203854.515625
856,2317.0,183537.96875
857,2318.0,172280.234375
858,2319.0,180908.484375
859,2320.0,183782.4375
860,2321.0,246974.265625
861,2322.0,167196.046875
862,2323.0,183961.234375
863,2324.0,177450.046875
864,2325.0,210276.34375
865,2326.0,167809.984375
866,2327.0,208079.5625
867,2328.0,224661.640625
868,2329.0,176851.0625
869,2330.0,170829.046875
870,2331.0,337328.78125
871,2332.0,417405.03125
872,2333.0,317396.125
873,2334.0,254169.78125
874,2335.0,263048.125
875,2336.0,316510.0
876,2337.0,203024.203125
877,2338.0,278759.75
878,2339.0,215161.828125
879,2340.0,388827.53125
880,2341.0,217173.359375
881,2342.0,229144.734375
882,2343.0,219804.78125
883,2344.0,222567.078125
884,2345.0,243997.5
885,2346.0,217946.140625
886,2347.0,194120.828125
887,2348.0,232147.5
888,2349.0,187114.8125
889,2350.0,311180.375
890,2351.0,235369.703125
891,2352.0,258898.96875
892,2353.0,256973.78125
893,2354.0,133401.3125
894,2355.0,157679.6875
895,2356.0,159934.1875
896,2357.0,197770.03125
897,2358.0,196845.625
898,2359.0,129297.40625
899,2360.0,108782.328125
900,2361.0,142805.625
901,2362.0,271286.9375
902,2363.0,132111.484375
903,2364.0,161788.078125
904,2365.0,220133.53125
905,2366.0,204256.875
906,2367.0,231658.3125
907,2368.0,217411.78125
908,2369.0,227917.484375
909,2370.0,163080.71875
910,2371.0,171822.125
911,2372.0,187037.34375
912,2373.0,269960.75
913,2374.0,310288.25
914,2375.0,264199.53125
915,2376.0,286412.65625
916,2377.0,394701.28125
917,2378.0,134098.015625
918,2379.0,191791.796875
919,2380.0,138024.921875
920,2381.0,163688.421875
921,2382.0,194465.5625
922,2383.0,201430.40625
923,2384.0,239788.859375
924,2385.0,160758.5625
925,2386.0,136700.75
926,2387.0,137896.296875
927,2388.0,107897.0234375
928,2389.0,128446.5546875
929,2390.0,141873.578125
930,2391.0,142025.453125
931,2392.0,112427.890625
932,2393.0,165339.4375
933,2394.0,148215.609375
934,2395.0,195773.234375
935,2396.0,136537.609375
936,2397.0,224150.796875
937,2398.0,132066.71875
938,2399.0,61764.04296875
939,2400.0,59776.85546875
940,2401.0,107964.7734375
941,2402.0,138399.4375
942,2403.0,138689.296875
943,2404.0,146444.1875
944,2405.0,159435.890625
945,2406.0,145808.03125
946,2407.0,129848.4609375
947,2408.0,144370.0
948,2409.0,125459.546875
949,2410.0,169327.28125
950,2411.0,119335.734375
951,2412.0,155361.96875
952,2413.0,134246.890625
953,2414.0,139966.15625
954,2415.0,138261.796875
955,2416.0,130087.890625
956,2417.0,138588.96875
957,2418.0,125483.5703125
958,2419.0,117217.3515625
959,2420.0,127092.9609375
960,2421.0,149428.4375
961,2422.0,114712.015625
962,2423.0,136602.234375
963,2424.0,152153.359375
964,2425.0,259992.734375
965,2426.0,134787.578125
966,2427.0,140770.671875
967,2428.0,167616.15625
968,2429.0,114896.90625
969,2430.0,131536.921875
970,2431.0,109336.5
971,2432.0,152186.40625
972,2433.0,152384.953125
973,2434.0,141873.09375
974,2435.0,150957.625
975,2436.0,110246.8984375
976,2437.0,104996.0546875
977,2438.0,132352.5
978,2439.0,122442.1015625
979,2440.0,119603.90625
980,2441.0,102434.9296875
981,2442.0,101035.6953125
982,2443.0,118540.796875
983,2444.0,130016.4765625
984,2445.0,72281.5234375
985,2446.0,131035.4921875
986,2447.0,203806.640625
987,2448.0,132699.75
988,2449.0,95889.3203125
989,2450.0,145619.015625
990,2451.0,122695.125
991,2452.0,205636.890625
992,2453.0,94209.2734375
993,2454.0,127580.34375
994,2455.0,119890.625
995,2456.0,135803.875
996,2457.0,118080.5390625
997,2458.0,126242.8984375
998,2459.0,115060.8828125
999,2460.0,131845.234375
1000,2461.0,110106.9453125
1001,2462.0,131560.09375
1002,2463.0,124891.5546875
1003,2464.0,174901.15625
1004,2465.0,129427.7109375
1005,2466.0,106582.0234375
1006,2467.0,138637.6875
1007,2468.0,76412.21875
1008,2469.0,74428.15625
1009,2470.0,191696.34375
1010,2471.0,201047.71875
1011,2472.0,169740.5625
1012,2473.0,116551.8125
1013,2474.0,91015.15625
1014,2475.0,208340.234375
1015,2476.0,109536.2421875
1016,2477.0,124552.7890625
1017,2478.0,148703.953125
1018,2479.0,109036.8125
1019,2480.0,158238.234375
1020,2481.0,122326.0390625
1021,2482.0,129979.3359375
1022,2483.0,113046.859375
1023,2484.0,113926.296875
1024,2485.0,125505.3359375
1025,2486.0,144786.84375
1026,2487.0,187500.03125
1027,2488.0,155202.515625
1028,2489.0,147860.296875
1029,2490.0,155161.546875
1030,2491.0,87058.5390625
1031,2492.0,174642.765625
1032,2493.0,147950.25
1033,2494.0,162746.65625
1034,2495.0,89527.5390625
1035,2496.0,221417.609375
1036,2497.0,159366.078125
1037,2498.0,110421.484375
1038,2499.0,96759.421875
1039,2500.0,135521.390625
1040,2501.0,137704.46875
1041,2502.0,146250.421875
1042,2503.0,91157.859375
1043,2504.0,192594.6875
1044,2505.0,219214.140625
1045,2506.0,258042.234375
1046,2507.0,305344.25
1047,2508.0,258042.234375
1048,2509.0,221447.0
1049,2510.0,227072.875
1050,2511.0,175484.0625
1051,2512.0,206884.953125
1052,2513.0,209729.015625
1053,2514.0,247665.84375
1054,2515.0,140240.140625
1055,2516.0,165129.75
1056,2517.0,131552.53125
1057,2518.0,142602.171875
1058,2519.0,226968.265625
1059,2520.0,212877.390625
1060,2521.0,193471.25
1061,2522.0,219108.59375
1062,2523.0,126131.34375
1063,2524.0,138105.390625
1064,2525.0,135123.671875
1065,2526.0,131710.8125
1066,2527.0,112062.2421875
1067,2528.0,126635.4765625
1068,2529.0,136312.171875
1069,2530.0,125145.53125
1070,2531.0,263485.875
1071,2532.0,218116.828125
1072,2533.0,196621.3125
1073,2534.0,230940.28125
1074,2535.0,307955.28125
1075,2536.0,236402.578125
1076,2537.0,240933.40625
1077,2538.0,183292.15625
1078,2539.0,184890.265625
1079,2540.0,173284.65625
1080,2541.0,182660.375
1081,2542.0,167333.984375
1082,2543.0,132088.1875
1083,2544.0,124799.5703125
1084,2545.0,134600.921875
1085,2546.0,136212.328125
1086,2547.0,142378.84375
1087,2548.0,154407.828125
1088,2549.0,151500.015625
1089,2550.0,289396.03125
1090,2551.0,137035.828125
1091,2552.0,124807.703125
1092,2553.0,72000.25
1093,2554.0,108100.09375
1094,2555.0,122479.9609375
1095,2556.0,103888.125
1096,2557.0,106698.9453125
1097,2558.0,170985.375
1098,2559.0,149575.359375
1099,2560.0,151923.796875
1100,2561.0,148309.40625
1101,2562.0,149723.34375
1102,2563.0,159217.46875
1103,2564.0,198027.125
1104,2565.0,138954.3125
1105,2566.0,166966.984375
1106,2567.0,128580.8671875
1107,2568.0,194288.8125
1108,2569.0,201482.65625
1109,2570.0,123234.25
1110,2571.0,186025.34375
1111,2572.0,168069.0625
1112,2573.0,207859.96875
1113,2574.0,294226.34375
1114,2575.0,134830.5
1115,2576.0,134087.046875
1116,2577.0,155748.0
1117,2578.0,83242.4375
1118,2579.0,72849.8828125
1119,2580.0,123248.1640625
1120,2581.0,121617.078125
1121,2582.0,129046.578125
1122,2583.0,272210.0
1123,2584.0,158769.25
1124,2585.0,208106.3125
1125,2586.0,228948.421875
1126,2587.0,202781.09375
1127,2588.0,140849.1875
1128,2589.0,147446.4375
1129,2590.0,209371.5
1130,2591.0,209379.96875
1131,2592.0,204656.265625
1132,2593.0,237544.9375
1133,2594.0,175673.421875
1134,2595.0,205592.234375
1135,2596.0,326296.8125
1136,2597.0,187968.125
1137,2598.0,282074.75
1138,2599.0,337841.71875
1139,2600.0,174419.265625
1140,2601.0,142804.9375
1141,2602.0,85651.953125
1142,2603.0,102340.0234375
1143,2604.0,91654.1640625
1144,2605.0,80712.0859375
1145,2606.0,149747.78125
1146,2607.0,187107.234375
1147,2608.0,206909.234375
1148,2609.0,166166.484375
1149,2610.0,115753.703125
1150,2611.0,121326.0859375
1151,2612.0,147066.40625
1152,2613.0,131434.40625
1153,2614.0,127015.6484375
1154,2615.0,152920.203125
1155,2616.0,148042.34375
1156,2617.0,169573.109375
1157,2618.0,210551.03125
1158,2619.0,199411.46875
1159,2620.0,179915.359375
1160,2621.0,174210.40625
1161,2622.0,171620.484375
1162,2623.0,249590.078125
1163,2624.0,293103.875
1164,2625.0,316071.3125
1165,2626.0,170150.265625
1166,2627.0,174065.5
1167,2628.0,455151.875
1168,2629.0,619555.6875
1169,2630.0,369452.21875
1170,2631.0,439103.875
1171,2632.0,443898.28125
1172,2633.0,310905.375
1173,2634.0,414087.34375
1174,2635.0,153604.765625
1175,2636.0,171023.171875
1176,2637.0,196299.953125
1177,2638.0,244799.9375
1178,2639.0,184645.65625
1179,2640.0,150714.984375
1180,2641.0,102120.6171875
1181,2642.0,206468.546875
1182,2643.0,98589.21875
1183,2644.0,118976.078125
1184,2645.0,106473.40625
1185,2646.0,100088.53125
1186,2647.0,104102.8515625
1187,2648.0,150810.15625
1188,2649.0,140944.765625
1189,2650.0,142676.484375
1190,2651.0,147746.203125
1191,2652.0,408829.53125
1192,2653.0,241114.640625
1193,2654.0,251570.75
1194,2655.0,389632.8125
1195,2656.0,354107.28125
1196,2657.0,335336.40625
1197,2658.0,270990.15625
1198,2659.0,327139.15625
1199,2660.0,346288.125
1200,2661.0,349788.375
1201,2662.0,372569.9375
1202,2663.0,277184.71875
1203,2664.0,266499.96875
1204,2665.0,342058.125
1205,2666.0,291263.75
1206,2667.0,174710.3125
1207,2668.0,185283.78125
1208,2669.0,175541.03125
1209,2670.0,290914.78125
1210,2671.0,183301.671875
1211,2672.0,179662.75
1212,2673.0,200619.859375
1213,2674.0,198034.015625
1214,2675.0,172635.8125
1215,2676.0,184089.40625
1216,2677.0,184691.90625
1217,2678.0,262283.1875
1218,2679.0,268335.90625
1219,2680.0,272043.5
1220,2681.0,435040.96875
1221,2682.0,334578.125
1222,2683.0,562644.25
1223,2684.0,336139.03125
1224,2685.0,354697.96875
1225,2686.0,249964.78125
1226,2687.0,320408.625
1227,2688.0,224002.1875
1228,2689.0,210689.578125
1229,2690.0,484099.03125
1230,2691.0,186858.953125
1231,2692.0,136220.40625
1232,2693.0,193981.0625
1233,2694.0,141195.296875
1234,2695.0,189853.015625
1235,2696.0,181521.296875
1236,2697.0,174660.953125
1237,2698.0,189931.1875
1238,2699.0,178333.96875
1239,2700.0,169846.046875
1240,2701.0,154573.125
1241,2702.0,111092.921875
1242,2703.0,132232.0625
1243,2704.0,138966.359375
1244,2705.0,117385.7578125
1245,2706.0,114717.7890625
1246,2707.0,124905.6796875
1247,2708.0,135858.078125
1248,2709.0,110765.796875
1249,2710.0,129369.8984375
1250,2711.0,271444.40625
1251,2712.0,381673.25
1252,2713.0,164092.828125
1253,2714.0,154324.453125
1254,2715.0,168770.078125
1255,2716.0,149927.546875
1256,2717.0,193500.515625
1257,2718.0,222524.171875
1258,2719.0,156645.546875
1259,2720.0,174414.78125
1260,2721.0,136955.125
1261,2722.0,155175.3125
1262,2723.0,150479.0
1263,2724.0,131486.328125
1264,2725.0,134895.546875
1265,2726.0,136797.703125
1266,2727.0,180442.1875
1267,2728.0,163587.90625
1268,2729.0,157562.265625
1269,2730.0,142057.578125
1270,2731.0,130077.8671875
1271,2732.0,126669.5234375
1272,2733.0,154806.953125
1273,2734.0,142742.890625
1274,2735.0,132316.328125
1275,2736.0,140283.109375
1276,2737.0,123418.140625
1277,2738.0,138261.796875
1278,2739.0,165354.265625
1279,2740.0,134272.328125
1280,2741.0,145834.03125
1281,2742.0,149616.953125
1282,2743.0,144494.21875
1283,2744.0,152226.078125
1284,2745.0,146262.203125
1285,2746.0,137917.234375
1286,2747.0,149624.140625
1287,2748.0,123164.2578125
1288,2749.0,128666.3046875
1289,2750.0,136821.9375
1290,2751.0,132887.8125
1291,2752.0,205222.84375
1292,2753.0,142082.328125
1293,2754.0,233097.890625
1294,2755.0,123674.9609375
1295,2756.0,97851.421875
1296,2757.0,72624.109375
1297,2758.0,90615.2109375
1298,2759.0,154219.125
1299,2760.0,123924.390625
1300,2761.0,144467.609375
1301,2762.0,142044.90625
1302,2763.0,177067.484375
1303,2764.0,165094.078125
1304,2765.0,258516.75
1305,2766.0,142861.53125
1306,2767.0,86751.7734375
1307,2768.0,129253.7890625
1308,2769.0,134527.40625
1309,2770.0,145475.234375
1310,2771.0,117874.0546875
1311,2772.0,115715.125
1312,2773.0,176468.734375
1313,2774.0,137427.78125
1314,2775.0,118009.9609375
1315,2776.0,144081.796875
1316,2777.0,145796.109375
1317,2778.0,112906.3984375
1318,2779.0,146144.328125
1319,2780.0,99340.421875
1320,2781.0,94357.09375
1321,2782.0,95204.234375
1322,2783.0,99767.59375
1323,2784.0,126511.4765625
1324,2785.0,135732.4375
1325,2786.0,80264.015625
1326,2787.0,117088.7265625
1327,2788.0,73370.3671875
1328,2789.0,171314.71875
1329,2790.0,89399.6328125
1330,2791.0,111783.34375
1331,2792.0,50475.9609375
1332,2793.0,158084.734375
1333,2794.0,108602.46875
1334,2795.0,112100.3203125
1335,2796.0,98926.0234375
1336,2797.0,191470.046875
1337,2798.0,117403.515625
1338,2799.0,111037.8984375
1339,2800.0,73245.9296875
1340,2801.0,109106.4765625
1341,2802.0,140842.609375
1342,2803.0,151135.046875
1343,2804.0,136211.0625
1344,2805.0,101434.3515625
1345,2806.0,84976.4921875
1346,2807.0,151828.984375
1347,2808.0,147676.296875
1348,2809.0,131443.8125
1349,2810.0,131847.96875
1350,2811.0,160049.90625
1351,2812.0,153600.859375
1352,2813.0,156934.265625
1353,2814.0,157624.421875
1354,2815.0,105400.453125
1355,2816.0,219437.0
1356,2817.0,145444.703125
1357,2818.0,127349.3203125
1358,2819.0,175078.671875
1359,2820.0,137351.578125
1360,2821.0,106552.84375
1361,2822.0,191253.078125
1362,2823.0,274858.96875
1363,2824.0,177920.625
1364,2825.0,152173.921875
1365,2826.0,132494.1875
1366,2827.0,134220.03125
1367,2828.0,225082.4375
1368,2829.0,213771.53125
1369,2830.0,235112.359375
1370,2831.0,179014.46875
1371,2832.0,249333.59375
1372,2833.0,313711.0
1373,2834.0,213056.265625
1374,2835.0,217998.203125
1375,2836.0,187006.9375
1376,2837.0,156654.484375
1377,2838.0,144902.25
1378,2839.0,183799.734375
1379,2840.0,195169.671875
1380,2841.0,203329.125
1381,2842.0,225128.65625
1382,2843.0,142801.765625
1383,2844.0,154558.296875
1384,2845.0,120447.328125
1385,2846.0,210586.484375
1386,2847.0,191747.53125
1387,2848.0,217732.046875
1388,2849.0,200993.203125
1389,2850.0,282510.46875
1390,2851.0,234551.09375
1391,2852.0,231159.859375
1392,2853.0,233404.3125
1393,2854.0,144727.46875
1394,2855.0,197850.3125
1395,2856.0,199731.171875
1396,2857.0,184390.21875
1397,2858.0,198189.9375
1398,2859.0,133202.953125
1399,2860.0,134966.78125
1400,2861.0,128304.6796875
1401,2862.0,196875.6875
1402,2863.0,130385.171875
1403,2864.0,243785.71875
1404,2865.0,133934.890625
1405,2866.0,153067.59375
1406,2867.0,97649.0234375
1407,2868.0,100369.8984375
1408,2869.0,107690.15625
1409,2870.0,133280.78125
1410,2871.0,95737.4921875
1411,2872.0,54969.78515625
1412,2873.0,105321.0078125
1413,2874.0,134608.390625
1414,2875.0,114155.7265625
1415,2876.0,172595.96875
1416,2877.0,131005.4375
1417,2878.0,182072.359375
1418,2879.0,135579.125
1419,2880.0,90487.546875
1420,2881.0,156567.4375
1421,2882.0,158803.578125
1422,2883.0,186748.671875
1423,2884.0,214000.46875
1424,2885.0,176883.390625
1425,2886.0,210828.203125
1426,2887.0,98385.4609375
1427,2888.0,131303.34375
1428,2889.0,57430.30859375
1429,2890.0,87983.7265625
1430,2891.0,138001.1875
1431,2892.0,50726.19921875
1432,2893.0,90019.953125
1433,2894.0,62320.875
1434,2895.0,306339.8125
1435,2896.0,285652.09375
1436,2897.0,195714.953125
1437,2898.0,143763.59375
1438,2899.0,228612.9375
1439,2900.0,150631.0
1440,2901.0,210507.5
1441,2902.0,191360.390625
1442,2903.0,350451.90625
1443,2904.0,377207.15625
1444,2905.0,92300.5546875
1445,2906.0,212166.21875
1446,2907.0,111293.0234375
1447,2908.0,133043.421875
1448,2909.0,145465.703125
1449,2910.0,87218.0390625
1450,2911.0,84430.015625
1451,2912.0,136390.75
1452,2913.0,89465.6953125
1453,2914.0,78242.8828125
1454,2915.0,85862.53125
1455,2916.0,88839.6875
1456,2917.0,170369.140625
1457,2918.0,115256.2421875
1458,2919.0,209908.0625
